{
    "aspect_ratio": 1.7777777777777777,
    "image_width": 1920,
    "vertical_fov_in_degrees": 23,
    "look_from": [
        1.842332124710083,
        1.9965558052062988,
        9.644098281860352
    ],
    "look_at": [
        1.6544842720031738,
        1.9639147520065308,
        8.662442207336426
    ],
    "vec_up": [
        -0.014803536236286163,
        0.9994282126426697,
        -0.030399203300476074
    ],
    "defocus_angle_in_degrees": 0.0,
    "focus_distance": 1.0000004646134415
}