{
    "aspect_ratio": 1.7777777777777777,
    "image_width": 1920,
    "vertical_fov_in_degrees": 26.991466561591622,
    "look_from": [
        0.24445363879203796,
        1.4802449941635132,
        1.0841563940048218
    ],
    "look_at": [
        0.024725183844566345,
        1.4347500801086426,
        0.1096566915512085
    ],
    "vec_up": [
        -0.01305214874446392,
        0.9989597797393799,
        -0.04369393363595009
    ],
    "defocus_angle_in_degrees": 0.0,
    "focus_distance": 1.0000000358559185
}